{
  "note_mappings": {
    "b1": 48,
    "b2": 50,
    "b3": 52,
    "b4": 53,
    "b5": 55,
    "b6": 57,
    "b7": 59,
    "b8": 60,
    "b9": 62,
    "b10": 64,
    "b11": 65,
    "b12": 67,
    "b13": 69,
    "b14": 71,
    "b15": 72,

    "g1": 49,
    "g2": 51,

    "g3": 54,
    "g4": 56,
    "g5": 58,

    "g6": 61,
    "g7": 63,

    "g8": 66,
    "g9": 68,
    "g10": 70  
  
  
  
  },

  "control_mappings": {
	"ka0": 0,
    "ka1": 1,
    "ka2": 2,
    "ka3": 3,
    "ka4": 4,
    "ka5": 5,
    "ka6": 6,
    "ka7": 7,
	
    "ka8": 8,
	"ka9": 9,

    "s1": 81,
    "s2": 82,
    "s3": 83,
    "s4": 84,
    "s5": 85,
    "s6": 86,
    "s7": 87,
    "s8": 88
  }
}
