{
  "note_mappings": {
	"n1": 1,
	"n2": 2,
	"n3": 3,
	"n4": 4,
	"n5": 5,
	"n6": 6,
	"n7": 7,
	"n8": 8,

	"n9": 9,
	"n10": 10,
	"n11": 11,
	"n12": 12,
	"n13": 13,
	"n14": 14,
	"n15": 15,
	"n16": 16,

	"n17": 17,
	"n18": 18,
	"n19": 19,
	"n20": 20,
	"n21": 21,
	"n22": 22,
	"n23": 23,
	"n24": 24,

	"n25": 25,
	"n26": 26,
	"n27": 27,
	"n28": 28,
	"n29": 29,
	"n30": 30,
	"n31": 31,
	"n32": 32,

	"r0": 48,
	"s0": 49,
	"d0": 50,

	"stop0": 52,

	"b1":  58,
	"b2":  59,
	"b3":  60,
	"b4":  61,
	"b5":  62,
	"b6":  63,
	"b7":  64,
	"b8":  65,

	"ab0": 66,

	"scene5": 81,
	"scene4": 82,
	"scene3": 83,
	"scene2": 84,
	"scene1": 85,
	"stopall": 86,

	"pan": 87,
	"sends": 88,
	"user": 89,
	"metronome": 90,
	"play": 91,
	"record": 93,

	"up": 94,
	"down": 95,
	"right": 96,
	"left": 97,
	"shift": 98,
	"tap": 99,	
	"nudge1": 100,
	"nudge2": 101,
	"sesion": 102,
	"bank": 103	

},

  "control_mappings": {
	"slider0":	7,
   	"cue": 		47,
	"h1": 		48,
	"h2": 		49,
	"h3": 		50,
	"h4": 		51,
	"h5": 		52,
	"h6": 		53,
	"h7": 		54,
	"h8": 		55,
	"p01": 		16,
	"p02": 		17,
	"p03": 		18,
	"p04": 		19,
	"p05": 		20,
	"p06": 		21,
	"p07": 		22,
	"p08": 		23,
	"tempo": 	13,
	"master":	14,
	"swithch": 	15
  }
}
