{
  "note_mappings": {},

  "control_mappings": {

	"prev":  43,
	"next":  44,
	"stop":  42,
	"play":  41,
	"rec":  45,
	"ml":  61,	
	"mr":  62,
	"set":  60,
	"cycle":  46,
	"trl":  58,
	"trr":  59,

	"r1":  64,
	"r2":  65,
	"r3":  66,
	"r4":  67,
	"r5":  68,
	"r6":  69,
	"r7":  70,
	"r8":  71,
	"m1":  48,
	"m2":  49,
	"m3":  50,
	"m4":  51,
	"m5":  52,
	"m6":  53,
	"m7":  54,
	"m8":  55,	
	"s1":  32,
	"s2":  33,
	"s3":  34,
	"s4":  35,
	"s5":  36,
	"s6":  37,
	"s7":  38,
	"s8":  39,	
	
	"k1": 		0,
	"k2": 		1,
	"k3": 		2,
	"k4": 		3,
	"k5": 		4,
	"k6": 		5,
	"k7": 		6,
	"k8": 		7,	

	"h1": 		16,
	"h2": 		17,
	"h3": 		18,
	"h4": 		19,
	"h5": 		20,
	"h6": 		21,
	"h7": 		22,
	"h8": 		23	
  }
}
